,Id,n_cen_spin
1,CC020_P01_A1,2
2,CC020_P01_A10,2
3,CC020_P01_A2,2
4,CC020_P01_A3,2
5,CC020_P01_A4,2
6,CC020_P01_A5,2
7,CC020_P01_A6,2
8,CC020_P01_A7,2
9,CC020_P01_A8,2
10,CC020_P01_A9,2
11,CC020_P02_A1,2
12,CC020_P02_A10,2
13,CC020_P02_A2,2
14,CC020_P02_A3,2
15,CC020_P02_A4,2
16,CC020_P02_A5,2
17,CC020_P02_A6,2
18,CC020_P02_A7,2
19,CC020_P02_A8,2
20,CC020_P02_A9,2
21,CC020_P03_A1,2
22,CC020_P03_A10,2
23,CC020_P03_A2,2
24,CC020_P03_A3,2
25,CC020_P03_A4,2
26,CC020_P03_A5,2
27,CC020_P03_A6,2
28,CC020_P03_A7,2
29,CC020_P03_A8,2
30,CC020_P03_A9,2
31,CC020_P04_A1,2
32,CC020_P04_A10,2
33,CC020_P04_A2,2
34,CC020_P04_A3,2
35,CC020_P04_A4,2
36,CC020_P04_A5,2
37,CC020_P04_A6,2
38,CC020_P04_A7,2
39,CC020_P04_A8,2
40,CC020_P04_A9,2
41,CC020_P05_A1,1
42,CC020_P05_A10,1
43,CC020_P05_A2,1
44,CC020_P05_A3,1
45,CC020_P05_A4,1
46,CC020_P05_A5,1
47,CC020_P05_A6,1
48,CC020_P05_A7,1
49,CC020_P05_A8,1
50,CC020_P05_A9,1
51,CC021_P01_A1,2
52,CC021_P01_A10,2
53,CC021_P01_A2,2
54,CC021_P01_A3,2
55,CC021_P01_A4,2
56,CC021_P01_A5,2
57,CC021_P01_A6,2
58,CC021_P01_A7,2
59,CC021_P01_A8,2
60,CC021_P01_A9,2
61,CC021_P02_A1,2
62,CC021_P02_A10,2
63,CC021_P02_A2,2
64,CC021_P02_A3,3
65,CC021_P02_A4,2
66,CC021_P02_A5,2
67,CC021_P02_A6,2
68,CC021_P02_A7,2
69,CC021_P02_A8,3
70,CC021_P02_A9,2
71,CC021_P03_A1,2
72,CC021_P03_A10,2
73,CC021_P03_A2,2
74,CC021_P03_A3,2
75,CC021_P03_A4,2
76,CC021_P03_A5,2
77,CC021_P03_A6,2
78,CC021_P03_A7,2
79,CC021_P03_A8,2
80,CC021_P03_A9,2
81,CC021_P04_A1,2
82,CC021_P04_A10,2
83,CC021_P04_A2,2
84,CC021_P04_A3,2
85,CC021_P04_A4,2
86,CC021_P04_A5,2
87,CC021_P04_A6,2
88,CC021_P04_A7,2
89,CC021_P04_A8,2
90,CC021_P04_A9,2
91,CC021_P05_A1,2
92,CC021_P05_A10,2
93,CC021_P05_A2,2
94,CC021_P05_A3,2
95,CC021_P05_A4,2
96,CC021_P05_A5,2
97,CC021_P05_A6,2
98,CC021_P05_A7,2
99,CC021_P05_A8,2
100,CC021_P05_A9,2
101,CC022_P01_A1,2
102,CC022_P01_A10,2
103,CC022_P01_A2,2
104,CC022_P01_A3,2
105,CC022_P01_A4,2
106,CC022_P01_A5,2
107,CC022_P01_A6,2
108,CC022_P01_A7,2
109,CC022_P01_A8,2
110,CC022_P01_A9,2
111,CC022_P02_A1,1
112,CC022_P02_A10,1
113,CC022_P02_A2,1
114,CC022_P02_A3,1
115,CC022_P02_A4,1
116,CC022_P02_A5,1
117,CC022_P02_A6,1
118,CC022_P02_A7,1
119,CC022_P02_A8,1
120,CC022_P02_A9,1
121,CC022_P03_A1,0
122,CC022_P03_A10,0
123,CC022_P03_A2,0
124,CC022_P03_A3,0
125,CC022_P03_A4,0
126,CC022_P03_A5,0
127,CC022_P03_A6,0
128,CC022_P03_A7,0
129,CC022_P03_A8,0
130,CC022_P03_A9,0
131,CC022_P04_A1,2
132,CC022_P04_A10,2
133,CC022_P04_A2,2
134,CC022_P04_A3,2
135,CC022_P04_A4,2
136,CC022_P04_A5,2
137,CC022_P04_A6,2
138,CC022_P04_A7,2
139,CC022_P04_A8,2
140,CC022_P04_A9,2
141,CC022_P05_A1,2
142,CC022_P05_A10,1
143,CC022_P05_A2,2
144,CC022_P05_A3,0
145,CC022_P05_A4,1
146,CC022_P05_A5,2
147,CC022_P05_A6,0
148,CC022_P05_A7,2
149,CC022_P05_A8,2
150,CC022_P05_A9,2
151,CC023_P01_A1,2
152,CC023_P01_A10,2
153,CC023_P01_A2,2
154,CC023_P01_A3,2
155,CC023_P01_A4,2
156,CC023_P01_A5,2
157,CC023_P01_A6,2
158,CC023_P01_A7,2
159,CC023_P01_A8,2
160,CC023_P01_A9,2
161,CC023_P02_A1,2
162,CC023_P02_A10,2
163,CC023_P02_A2,2
164,CC023_P02_A3,2
165,CC023_P02_A4,2
166,CC023_P02_A5,2
167,CC023_P02_A6,2
168,CC023_P02_A7,2
169,CC023_P02_A8,2
170,CC023_P02_A9,2
171,CC023_P03_A1,2
172,CC023_P03_A10,2
173,CC023_P03_A2,2
174,CC023_P03_A3,2
175,CC023_P03_A4,2
176,CC023_P03_A5,2
177,CC023_P03_A6,2
178,CC023_P03_A7,2
179,CC023_P03_A8,2
180,CC023_P03_A9,2
181,CC023_P04_A1,2
182,CC023_P04_A10,2
183,CC023_P04_A2,2
184,CC023_P04_A3,2
185,CC023_P04_A4,2
186,CC023_P04_A5,2
187,CC023_P04_A6,2
188,CC023_P04_A7,2
189,CC023_P04_A8,2
190,CC023_P04_A9,2
191,CC023_P06_A1,2
192,CC023_P06_A10,2
193,CC023_P06_A2,2
194,CC023_P06_A3,2
195,CC023_P06_A4,2
196,CC023_P06_A5,2
197,CC023_P06_A6,2
198,CC023_P06_A7,2
199,CC023_P06_A8,2
200,CC023_P06_A9,2
201,CC025_P01_A1,2
202,CC025_P01_A10,2
203,CC025_P01_A2,2
204,CC025_P01_A3,2
205,CC025_P01_A4,2
206,CC025_P01_A5,2
207,CC025_P01_A6,2
208,CC025_P01_A7,2
209,CC025_P01_A8,2
210,CC025_P01_A9,2
211,CC025_P02_A1,2
212,CC025_P02_A10,2
213,CC025_P02_A2,2
214,CC025_P02_A3,2
215,CC025_P02_A4,2
216,CC025_P02_A5,2
217,CC025_P02_A6,2
218,CC025_P02_A7,2
219,CC025_P02_A8,2
220,CC025_P02_A9,2
221,CC025_P03_A1,2
222,CC025_P03_A10,2
223,CC025_P03_A2,2
224,CC025_P03_A3,2
225,CC025_P03_A4,2
226,CC025_P03_A5,2
227,CC025_P03_A6,2
228,CC025_P03_A7,2
229,CC025_P03_A8,2
230,CC025_P03_A9,2
231,CC025_P04_A1,2
232,CC025_P04_A10,2
233,CC025_P04_A2,2
234,CC025_P04_A3,2
235,CC025_P04_A4,2
236,CC025_P04_A5,2
237,CC025_P04_A6,2
238,CC025_P04_A7,2
239,CC025_P04_A8,2
240,CC025_P04_A9,2
241,CC025_P05_A1,2
242,CC025_P05_A10,2
243,CC025_P05_A2,2
244,CC025_P05_A3,2
245,CC025_P05_A4,2
246,CC025_P05_A5,2
247,CC025_P05_A6,2
248,CC025_P05_A7,2
249,CC025_P05_A8,2
250,CC025_P05_A9,2
251,CC027_P01_A1,2
252,CC027_P01_A10,2
253,CC027_P01_A2,2
254,CC027_P01_A3,2
255,CC027_P01_A4,2
256,CC027_P01_A5,2
257,CC027_P01_A6,2
258,CC027_P01_A7,2
259,CC027_P01_A8,2
260,CC027_P01_A9,2
261,CC027_P02_A1,2
262,CC027_P02_A10,2
263,CC027_P02_A2,2
264,CC027_P02_A3,2
265,CC027_P02_A4,2
266,CC027_P02_A5,2
267,CC027_P02_A6,2
268,CC027_P02_A7,2
269,CC027_P02_A8,2
270,CC027_P02_A9,2
271,CC027_P03_A1,2
272,CC027_P03_A10,2
273,CC027_P03_A2,2
274,CC027_P03_A3,2
275,CC027_P03_A4,2
276,CC027_P03_A5,2
277,CC027_P03_A6,2
278,CC027_P03_A7,2
279,CC027_P03_A8,2
280,CC027_P03_A9,2
281,CC027_P04_A1,2
282,CC027_P04_A10,2
283,CC027_P04_A2,2
284,CC027_P04_A3,2
285,CC027_P04_A4,2
286,CC027_P04_A5,2
287,CC027_P04_A6,2
288,CC027_P04_A7,2
289,CC027_P04_A8,2
290,CC027_P04_A9,2
291,CC027_P05_A1,2
292,CC027_P05_A10,2
293,CC027_P05_A2,2
294,CC027_P05_A3,2
295,CC027_P05_A4,2
296,CC027_P05_A5,2
297,CC027_P05_A6,2
298,CC027_P05_A7,2
299,CC027_P05_A8,2
300,CC027_P05_A9,2
301,CC028_P01_A1,2
302,CC028_P01_A10,2
303,CC028_P01_A2,2
304,CC028_P01_A3,2
305,CC028_P01_A4,2
306,CC028_P01_A5,2
307,CC028_P01_A6,2
308,CC028_P01_A7,2
309,CC028_P01_A8,2
310,CC028_P01_A9,2
311,CC028_P02_A1,2
312,CC028_P02_A10,2
313,CC028_P02_A2,2
314,CC028_P02_A3,2
315,CC028_P02_A4,2
316,CC028_P02_A5,2
317,CC028_P02_A6,2
318,CC028_P02_A7,2
319,CC028_P02_A8,2
320,CC028_P02_A9,2
321,CC028_P03_A1,2
322,CC028_P03_A10,2
323,CC028_P03_A2,2
324,CC028_P03_A3,2
325,CC028_P03_A4,2
326,CC028_P03_A5,2
327,CC028_P03_A6,2
328,CC028_P03_A7,2
329,CC028_P03_A8,2
330,CC028_P03_A9,2
331,CC028_P04_A1,2
332,CC028_P04_A10,2
333,CC028_P04_A2,2
334,CC028_P04_A3,2
335,CC028_P04_A4,2
336,CC028_P04_A5,2
337,CC028_P04_A6,2
338,CC028_P04_A7,2
339,CC028_P04_A8,2
340,CC028_P04_A9,2
341,CC028_P05_A1,2
342,CC028_P05_A10,2
343,CC028_P05_A2,2
344,CC028_P05_A3,2
345,CC028_P05_A4,2
346,CC028_P05_A5,2
347,CC028_P05_A6,2
348,CC028_P05_A7,2
349,CC028_P05_A8,2
350,CC028_P05_A9,2
351,CC029_P01_A1,1
352,CC029_P01_A10,1
353,CC029_P01_A2,1
354,CC029_P01_A3,1
355,CC029_P01_A4,1
356,CC029_P01_A5,1
357,CC029_P01_A6,1
358,CC029_P01_A7,1
359,CC029_P01_A8,1
360,CC029_P01_A9,1
361,CC029_P02_A1,2
362,CC029_P02_A10,2
363,CC029_P02_A2,2
364,CC029_P02_A3,2
365,CC029_P02_A4,2
366,CC029_P02_A5,2
367,CC029_P02_A6,2
368,CC029_P02_A7,2
369,CC029_P02_A8,2
370,CC029_P02_A9,2
371,CC029_P04_A1,2
372,CC029_P04_A10,2
373,CC029_P04_A2,2
374,CC029_P04_A3,2
375,CC029_P04_A4,2
376,CC029_P04_A5,2
377,CC029_P04_A6,2
378,CC029_P04_A7,2
379,CC029_P04_A8,2
380,CC029_P04_A9,2
381,CC029_P05_A1,2
382,CC029_P05_A10,2
383,CC029_P05_A2,2
384,CC029_P05_A3,2
385,CC029_P05_A4,2
386,CC029_P05_A5,2
387,CC029_P05_A6,2
388,CC029_P05_A7,2
389,CC029_P05_A8,2
390,CC029_P05_A9,2
391,CC029_P07_A1,1
392,CC029_P07_A10,2
393,CC029_P07_A2,2
394,CC029_P07_A3,1
395,CC029_P07_A4,2
396,CC029_P07_A5,1
397,CC029_P07_A6,2
398,CC029_P07_A7,2
399,CC029_P07_A8,2
400,CC029_P07_A9,2
401,CC030_P01_A1,2
402,CC030_P01_A10,2
403,CC030_P01_A2,2
404,CC030_P01_A3,2
405,CC030_P01_A4,2
406,CC030_P01_A5,2
407,CC030_P01_A6,2
408,CC030_P01_A7,2
409,CC030_P01_A8,2
410,CC030_P01_A9,2
411,CC030_P02_A1,2
412,CC030_P02_A10,2
413,CC030_P02_A2,2
414,CC030_P02_A3,2
415,CC030_P02_A4,2
416,CC030_P02_A5,2
417,CC030_P02_A6,2
418,CC030_P02_A7,2
419,CC030_P02_A8,2
420,CC030_P02_A9,2
421,CC030_P03_A1,2
422,CC030_P03_A10,2
423,CC030_P03_A2,2
424,CC030_P03_A3,2
425,CC030_P03_A4,2
426,CC030_P03_A5,2
427,CC030_P03_A6,2
428,CC030_P03_A7,2
429,CC030_P03_A8,2
430,CC030_P03_A9,2
431,CC030_P04_A1,2
432,CC030_P04_A10,2
433,CC030_P04_A2,2
434,CC030_P04_A3,2
435,CC030_P04_A4,2
436,CC030_P04_A5,2
437,CC030_P04_A6,2
438,CC030_P04_A7,2
439,CC030_P04_A8,2
440,CC030_P04_A9,2
441,CC030_P05_A1,1
442,CC030_P05_A10,2
443,CC030_P05_A2,1
444,CC030_P05_A3,2
445,CC030_P05_A4,2
446,CC030_P05_A5,1
447,CC030_P05_A6,1
448,CC030_P05_A7,2
449,CC030_P05_A8,2
450,CC030_P05_A9,2
451,CC031_P01_A1,2
452,CC031_P01_A10,2
453,CC031_P01_A2,1
454,CC031_P01_A3,2
455,CC031_P01_A4,1
456,CC031_P01_A5,2
457,CC031_P01_A6,2
458,CC031_P01_A7,1
459,CC031_P01_A8,2
460,CC031_P01_A9,2
461,CC031_P02_A1,2
462,CC031_P02_A10,2
463,CC031_P02_A2,2
464,CC031_P02_A3,2
465,CC031_P02_A4,2
466,CC031_P02_A5,2
467,CC031_P02_A6,2
468,CC031_P02_A7,2
469,CC031_P02_A8,2
470,CC031_P02_A9,2
471,CC031_P04_A1,2
472,CC031_P04_A10,2
473,CC031_P04_A2,2
474,CC031_P04_A3,2
475,CC031_P04_A4,2
476,CC031_P04_A5,2
477,CC031_P04_A6,2
478,CC031_P04_A7,2
479,CC031_P04_A8,2
480,CC031_P04_A9,2
481,CC031_P05_A1,2
482,CC031_P05_A10,2
483,CC031_P05_A2,1
484,CC031_P05_A3,2
485,CC031_P05_A4,2
486,CC031_P05_A5,1
487,CC031_P05_A6,2
488,CC031_P05_A7,2
489,CC031_P05_A8,2
490,CC031_P05_A9,2
491,CC031_P06_A1,2
492,CC031_P06_A10,2
493,CC031_P06_A2,2
494,CC031_P06_A3,2
495,CC031_P06_A4,2
496,CC031_P06_A5,2
497,CC031_P06_A6,2
498,CC031_P06_A7,2
499,CC031_P06_A8,2
500,CC031_P06_A9,2
501,CC032_P01_A1,2
502,CC032_P01_A10,2
503,CC032_P01_A2,2
504,CC032_P01_A3,2
505,CC032_P01_A4,2
506,CC032_P01_A5,2
507,CC032_P01_A6,2
508,CC032_P01_A7,2
509,CC032_P01_A8,2
510,CC032_P01_A9,2
511,CC032_P02_A1,2
512,CC032_P02_A10,2
513,CC032_P02_A2,2
514,CC032_P02_A3,2
515,CC032_P02_A4,2
516,CC032_P02_A5,2
517,CC032_P02_A6,2
518,CC032_P02_A7,2
519,CC032_P02_A8,2
520,CC032_P02_A9,2
521,CC032_P03_A1,2
522,CC032_P03_A10,2
523,CC032_P03_A2,2
524,CC032_P03_A3,2
525,CC032_P03_A4,2
526,CC032_P03_A5,2
527,CC032_P03_A6,2
528,CC032_P03_A7,2
529,CC032_P03_A8,2
530,CC032_P03_A9,2
531,CC032_P04_A1,2
532,CC032_P04_A10,2
533,CC032_P04_A2,2
534,CC032_P04_A3,2
535,CC032_P04_A4,2
536,CC032_P04_A5,2
537,CC032_P04_A6,2
538,CC032_P04_A7,2
539,CC032_P04_A8,2
540,CC032_P04_A9,2
541,CC032_P05_A1,2
542,CC032_P05_A10,2
543,CC032_P05_A2,2
544,CC032_P05_A3,2
545,CC032_P05_A4,2
546,CC032_P05_A5,2
547,CC032_P05_A6,2
548,CC032_P05_A7,2
549,CC032_P05_A8,2
550,CC032_P05_A9,2
551,CC033_P01_A1,2
552,CC033_P01_A10,2
553,CC033_P01_A2,2
554,CC033_P01_A3,2
555,CC033_P01_A4,2
556,CC033_P01_A5,2
557,CC033_P01_A6,2
558,CC033_P01_A7,2
559,CC033_P01_A8,2
560,CC033_P01_A9,2
561,CC033_P02_A1,0
562,CC033_P02_A10,0
563,CC033_P02_A2,0
564,CC033_P02_A3,0
565,CC033_P02_A4,0
566,CC033_P02_A5,0
567,CC033_P02_A6,0
568,CC033_P02_A7,0
569,CC033_P02_A8,0
570,CC033_P02_A9,0
571,CC033_P03_A1,1
572,CC033_P03_A10,1
573,CC033_P03_A2,1
574,CC033_P03_A3,1
575,CC033_P03_A4,1
576,CC033_P03_A5,1
577,CC033_P03_A6,1
578,CC033_P03_A7,1
579,CC033_P03_A8,1
580,CC033_P03_A9,1
581,CC033_P05_A1,1
582,CC033_P05_A10,1
583,CC033_P05_A2,1
584,CC033_P05_A3,1
585,CC033_P05_A4,1
586,CC033_P05_A5,1
587,CC033_P05_A6,1
588,CC033_P05_A7,1
589,CC033_P05_A8,1
590,CC033_P05_A9,1
591,CC033_P06_A1,1
592,CC033_P06_A10,1
593,CC033_P06_A2,1
594,CC033_P06_A3,1
595,CC033_P06_A4,1
596,CC033_P06_A5,1
597,CC033_P06_A6,1
598,CC033_P06_A7,1
599,CC033_P06_A8,1
600,CC033_P06_A9,1
601,CC034_P01_A1,2
602,CC034_P01_A10,2
603,CC034_P01_A2,2
604,CC034_P01_A3,2
605,CC034_P01_A4,2
606,CC034_P01_A5,2
607,CC034_P01_A6,2
608,CC034_P01_A7,2
609,CC034_P01_A8,2
610,CC034_P01_A9,2
611,CC034_P03_A1,2
612,CC034_P03_A10,2
613,CC034_P03_A2,2
614,CC034_P03_A3,1
615,CC034_P03_A4,2
616,CC034_P03_A5,2
617,CC034_P03_A6,1
618,CC034_P03_A7,2
619,CC034_P03_A8,2
620,CC034_P03_A9,2
621,CC034_P04_A1,2
622,CC034_P04_A10,2
623,CC034_P04_A2,2
624,CC034_P04_A3,2
625,CC034_P04_A4,2
626,CC034_P04_A5,2
627,CC034_P04_A6,2
628,CC034_P04_A7,2
629,CC034_P04_A8,2
630,CC034_P04_A9,2
631,CC034_P05_A1,1
632,CC034_P05_A10,1
633,CC034_P05_A2,1
634,CC034_P05_A3,1
635,CC034_P05_A4,1
636,CC034_P05_A5,1
637,CC034_P05_A6,1
638,CC034_P05_A7,1
639,CC034_P05_A8,1
640,CC034_P05_A9,1
641,CC034_P06_A1,2
642,CC034_P06_A10,1
643,CC034_P06_A2,2
644,CC034_P06_A3,1
645,CC034_P06_A4,2
646,CC034_P06_A5,2
647,CC034_P06_A6,2
648,CC034_P06_A7,1
649,CC034_P06_A8,2
650,CC034_P06_A9,2
651,CC035_P01_A1,2
652,CC035_P01_A10,2
653,CC035_P01_A2,2
654,CC035_P01_A3,2
655,CC035_P01_A4,2
656,CC035_P01_A5,2
657,CC035_P01_A6,2
658,CC035_P01_A7,2
659,CC035_P01_A8,2
660,CC035_P01_A9,2
661,CC035_P02_A1,2
662,CC035_P02_A10,2
663,CC035_P02_A2,2
664,CC035_P02_A3,2
665,CC035_P02_A4,2
666,CC035_P02_A5,2
667,CC035_P02_A6,2
668,CC035_P02_A7,2
669,CC035_P02_A8,2
670,CC035_P02_A9,2
671,CC035_P04_A1,2
672,CC035_P04_A10,1
673,CC035_P04_A2,2
674,CC035_P04_A3,2
675,CC035_P04_A4,2
676,CC035_P04_A5,2
677,CC035_P04_A6,2
678,CC035_P04_A7,2
679,CC035_P04_A8,2
680,CC035_P04_A9,2
681,CC035_P05_A1,2
682,CC035_P05_A10,2
683,CC035_P05_A2,2
684,CC035_P05_A3,2
685,CC035_P05_A4,2
686,CC035_P05_A5,2
687,CC035_P05_A6,2
688,CC035_P05_A7,2
689,CC035_P05_A8,2
690,CC035_P05_A9,2
691,CC035_P06_A1,2
692,CC035_P06_A10,2
693,CC035_P06_A2,2
694,CC035_P06_A3,2
695,CC035_P06_A4,2
696,CC035_P06_A5,2
697,CC035_P06_A6,2
698,CC035_P06_A7,2
699,CC035_P06_A8,2
700,CC035_P06_A9,2
701,CC036_P01_A1,4
702,CC036_P01_A10,4
703,CC036_P01_A2,4
704,CC036_P01_A3,4
705,CC036_P01_A4,4
706,CC036_P01_A5,4
707,CC036_P01_A6,4
708,CC036_P01_A7,4
709,CC036_P01_A8,4
710,CC036_P01_A9,4
711,CC036_P02_A1,3
712,CC036_P02_A10,4
713,CC036_P02_A2,3
714,CC036_P02_A3,4
715,CC036_P02_A4,3
716,CC036_P02_A5,4
717,CC036_P02_A6,4
718,CC036_P02_A7,3
719,CC036_P02_A8,4
720,CC036_P02_A9,4
721,CC036_P03_A1,2
722,CC036_P03_A10,3
723,CC036_P03_A2,3
724,CC036_P03_A3,2
725,CC036_P03_A4,2
726,CC036_P03_A5,2
727,CC036_P03_A6,3
728,CC036_P03_A7,2
729,CC036_P03_A8,3
730,CC036_P03_A9,2
731,CC036_P04_A1,4
732,CC036_P04_A10,4
733,CC036_P04_A2,4
734,CC036_P04_A3,4
735,CC036_P04_A4,4
736,CC036_P04_A5,4
737,CC036_P04_A6,4
738,CC036_P04_A7,4
739,CC036_P04_A8,4
740,CC036_P04_A9,4
741,CC036_P05_A1,4
742,CC036_P05_A10,4
743,CC036_P05_A2,4
744,CC036_P05_A3,4
745,CC036_P05_A4,4
746,CC036_P05_A5,4
747,CC036_P05_A6,4
748,CC036_P05_A7,4
749,CC036_P05_A8,4
750,CC036_P05_A9,4
751,CC038_P01_A1,2
752,CC038_P01_A10,2
753,CC038_P01_A2,2
754,CC038_P01_A3,2
755,CC038_P01_A4,2
756,CC038_P01_A5,2
757,CC038_P01_A6,2
758,CC038_P01_A7,2
759,CC038_P01_A8,2
760,CC038_P01_A9,2
761,CC038_P02_A1,2
762,CC038_P02_A10,2
763,CC038_P02_A2,2
764,CC038_P02_A3,2
765,CC038_P02_A4,2
766,CC038_P02_A5,2
767,CC038_P02_A6,2
768,CC038_P02_A7,2
769,CC038_P02_A8,2
770,CC038_P02_A9,2
771,CC038_P03_A1,2
772,CC038_P03_A10,2
773,CC038_P03_A2,2
774,CC038_P03_A3,2
775,CC038_P03_A4,2
776,CC038_P03_A5,2
777,CC038_P03_A6,2
778,CC038_P03_A7,2
779,CC038_P03_A8,2
780,CC038_P03_A9,2
781,CC038_P04_A1,2
782,CC038_P04_A10,2
783,CC038_P04_A2,2
784,CC038_P04_A3,2
785,CC038_P04_A4,2
786,CC038_P04_A5,2
787,CC038_P04_A6,2
788,CC038_P04_A7,2
789,CC038_P04_A8,2
790,CC038_P04_A9,2
791,CC038_P05_A1,2
792,CC038_P05_A10,2
793,CC038_P05_A2,2
794,CC038_P05_A3,2
795,CC038_P05_A4,2
796,CC038_P05_A5,2
797,CC038_P05_A6,2
798,CC038_P05_A7,2
799,CC038_P05_A8,2
800,CC038_P05_A9,2
801,CC039_P01_A1,2
802,CC039_P01_A10,2
803,CC039_P01_A2,2
804,CC039_P01_A3,2
805,CC039_P01_A4,2
806,CC039_P01_A5,2
807,CC039_P01_A6,2
808,CC039_P01_A7,2
809,CC039_P01_A8,2
810,CC039_P01_A9,2
811,CC039_P02_A1,2
812,CC039_P02_A10,2
813,CC039_P02_A2,2
814,CC039_P02_A3,2
815,CC039_P02_A4,2
816,CC039_P02_A5,2
817,CC039_P02_A6,2
818,CC039_P02_A7,2
819,CC039_P02_A8,2
820,CC039_P02_A9,2
821,CC039_P03_A1,2
822,CC039_P03_A10,2
823,CC039_P03_A2,4
824,CC039_P03_A3,3
825,CC039_P03_A4,3
826,CC039_P03_A5,4
827,CC039_P03_A6,4
828,CC039_P03_A7,2
829,CC039_P03_A8,2
830,CC039_P03_A9,2
831,CC039_P04_A1,2
832,CC039_P04_A10,2
833,CC039_P04_A2,2
834,CC039_P04_A3,3
835,CC039_P04_A4,2
836,CC039_P04_A5,2
837,CC039_P04_A6,3
838,CC039_P04_A7,2
839,CC039_P04_A8,2
840,CC039_P04_A9,2
841,CC039_P05_A1,2
842,CC039_P05_A10,2
843,CC039_P05_A2,2
844,CC039_P05_A3,2
845,CC039_P05_A4,2
846,CC039_P05_A5,2
847,CC039_P05_A6,2
848,CC039_P05_A7,2
849,CC039_P05_A8,2
850,CC039_P05_A9,2
851,CC040_P01_A1,1
852,CC040_P01_A10,2
853,CC040_P01_A2,1
854,CC040_P01_A3,2
855,CC040_P01_A4,2
856,CC040_P01_A5,1
857,CC040_P01_A6,2
858,CC040_P01_A7,2
859,CC040_P01_A8,2
860,CC040_P01_A9,2
861,CC040_P02_A1,2
862,CC040_P02_A10,3
863,CC040_P02_A2,4
864,CC040_P02_A3,2
865,CC040_P02_A4,2
866,CC040_P02_A5,3
867,CC040_P02_A6,4
868,CC040_P02_A7,3
869,CC040_P02_A8,2
870,CC040_P02_A9,4
871,CC040_P03_A1,2
872,CC040_P03_A10,2
873,CC040_P03_A2,2
874,CC040_P03_A3,3
875,CC040_P03_A4,3
876,CC040_P03_A5,2
877,CC040_P03_A6,2
878,CC040_P03_A7,2
879,CC040_P03_A8,2
880,CC040_P03_A9,3
881,CC040_P04_A1,2
882,CC040_P04_A10,2
883,CC040_P04_A2,2
884,CC040_P04_A3,2
885,CC040_P04_A4,2
886,CC040_P04_A5,2
887,CC040_P04_A6,2
888,CC040_P04_A7,2
889,CC040_P04_A8,2
890,CC040_P04_A9,2
891,CC040_P05_A1,2
892,CC040_P05_A10,2
893,CC040_P05_A2,2
894,CC040_P05_A3,2
895,CC040_P05_A4,2
896,CC040_P05_A5,2
897,CC040_P05_A6,2
898,CC040_P05_A7,2
899,CC040_P05_A8,2
900,CC040_P05_A9,2
901,CC043_P01_A1,4
902,CC043_P01_A10,4
903,CC043_P01_A2,4
904,CC043_P01_A3,4
905,CC043_P01_A4,4
906,CC043_P01_A5,4
907,CC043_P01_A6,4
908,CC043_P01_A7,4
909,CC043_P01_A8,4
910,CC043_P01_A9,4
911,CC043_P02_A1,2
912,CC043_P02_A10,2
913,CC043_P02_A2,2
914,CC043_P02_A3,2
915,CC043_P02_A4,2
916,CC043_P02_A5,2
917,CC043_P02_A6,2
918,CC043_P02_A7,2
919,CC043_P02_A8,2
920,CC043_P02_A9,2
921,CC043_P03_A1,2
922,CC043_P03_A10,2
923,CC043_P03_A2,2
924,CC043_P03_A3,2
925,CC043_P03_A4,2
926,CC043_P03_A5,2
927,CC043_P03_A6,2
928,CC043_P03_A7,2
929,CC043_P03_A8,2
930,CC043_P03_A9,2
931,CC043_P04_A1,2
932,CC043_P04_A10,2
933,CC043_P04_A2,2
934,CC043_P04_A3,2
935,CC043_P04_A4,2
936,CC043_P04_A5,2
937,CC043_P04_A6,2
938,CC043_P04_A7,2
939,CC043_P04_A8,2
940,CC043_P04_A9,2
941,CC043_P05_A1,2
942,CC043_P05_A10,2
943,CC043_P05_A2,2
944,CC043_P05_A3,2
945,CC043_P05_A4,2
946,CC043_P05_A5,2
947,CC043_P05_A6,2
948,CC043_P05_A7,2
949,CC043_P05_A8,2
950,CC043_P05_A9,2
951,CC044_P01_A1,4
952,CC044_P01_A10,4
953,CC044_P01_A2,4
954,CC044_P01_A3,4
955,CC044_P01_A4,4
956,CC044_P01_A5,4
957,CC044_P01_A6,4
958,CC044_P01_A7,4
959,CC044_P01_A8,4
960,CC044_P01_A9,4
961,CC044_P02_A1,4
962,CC044_P02_A10,5
963,CC044_P02_A2,4
964,CC044_P02_A3,5
965,CC044_P02_A4,6
966,CC044_P02_A5,6
967,CC044_P02_A6,5
968,CC044_P02_A7,4
969,CC044_P02_A8,5
970,CC044_P02_A9,6
971,CC044_P03_A1,4
972,CC044_P03_A10,5
973,CC044_P03_A2,4
974,CC044_P03_A3,4
975,CC044_P03_A4,5
976,CC044_P03_A5,4
977,CC044_P03_A6,4
978,CC044_P03_A7,5
979,CC044_P03_A8,4
980,CC044_P03_A9,6
981,CC044_P04_A1,4
982,CC044_P04_A10,4
983,CC044_P04_A2,4
984,CC044_P04_A3,4
985,CC044_P04_A4,4
986,CC044_P04_A5,4
987,CC044_P04_A6,4
988,CC044_P04_A7,4
989,CC044_P04_A8,4
990,CC044_P04_A9,4
991,CC044_P05_A1,4
992,CC044_P05_A10,4
993,CC044_P05_A2,4
994,CC044_P05_A3,4
995,CC044_P05_A4,4
996,CC044_P05_A5,4
997,CC044_P05_A6,4
998,CC044_P05_A7,4
999,CC044_P05_A8,4
1000,CC044_P05_A9,4
1001,CC045_P01_A1,2
1002,CC045_P01_A10,2
1003,CC045_P01_A2,2
1004,CC045_P01_A3,2
1005,CC045_P01_A4,2
1006,CC045_P01_A5,2
1007,CC045_P01_A6,2
1008,CC045_P01_A7,2
1009,CC045_P01_A8,2
1010,CC045_P01_A9,2
1011,CC045_P02_A1,2
1012,CC045_P02_A10,2
1013,CC045_P02_A2,2
1014,CC045_P02_A3,2
1015,CC045_P02_A4,2
1016,CC045_P02_A5,2
1017,CC045_P02_A6,2
1018,CC045_P02_A7,2
1019,CC045_P02_A8,2
1020,CC045_P02_A9,2
1021,CC045_P04_A1,2
1022,CC045_P04_A10,2
1023,CC045_P04_A2,2
1024,CC045_P04_A3,2
1025,CC045_P04_A4,2
1026,CC045_P04_A5,2
1027,CC045_P04_A6,2
1028,CC045_P04_A7,2
1029,CC045_P04_A8,2
1030,CC045_P04_A9,2
1031,CC045_P05_A1,2
1032,CC045_P05_A10,2
1033,CC045_P05_A2,2
1034,CC045_P05_A3,2
1035,CC045_P05_A4,2
1036,CC045_P05_A5,2
1037,CC045_P05_A6,2
1038,CC045_P05_A7,2
1039,CC045_P05_A8,2
1040,CC045_P05_A9,2
1041,CC045_P06_A1,2
1042,CC045_P06_A10,2
1043,CC045_P06_A2,2
1044,CC045_P06_A3,2
1045,CC045_P06_A4,2
1046,CC045_P06_A5,2
1047,CC045_P06_A6,2
1048,CC045_P06_A7,2
1049,CC045_P06_A8,2
1050,CC045_P06_A9,2
1051,CC046_P01_A1,2
1052,CC046_P01_A10,2
1053,CC046_P01_A2,2
1054,CC046_P01_A3,2
1055,CC046_P01_A4,2
1056,CC046_P01_A5,2
1057,CC046_P01_A6,2
1058,CC046_P01_A7,2
1059,CC046_P01_A8,2
1060,CC046_P01_A9,2
1061,CC046_P02_A1,2
1062,CC046_P02_A10,1
1063,CC046_P02_A2,2
1064,CC046_P02_A3,2
1065,CC046_P02_A4,1
1066,CC046_P02_A5,2
1067,CC046_P02_A6,2
1068,CC046_P02_A7,1
1069,CC046_P02_A8,2
1070,CC046_P02_A9,2
1071,CC046_P03_A1,2
1072,CC046_P03_A10,2
1073,CC046_P03_A2,1
1074,CC046_P03_A3,2
1075,CC046_P03_A4,2
1076,CC046_P03_A5,1
1077,CC046_P03_A6,1
1078,CC046_P03_A7,2
1079,CC046_P03_A8,2
1080,CC046_P03_A9,2
1081,CC046_P04_A1,2
1082,CC046_P04_A10,2
1083,CC046_P04_A2,2
1084,CC046_P04_A3,1
1085,CC046_P04_A4,2
1086,CC046_P04_A5,2
1087,CC046_P04_A6,1
1088,CC046_P04_A7,2
1089,CC046_P04_A8,2
1090,CC046_P04_A9,1
1091,CC046_P05_A1,2
1092,CC046_P05_A10,2
1093,CC046_P05_A2,2
1094,CC046_P05_A3,2
1095,CC046_P05_A4,2
1096,CC046_P05_A5,1
1097,CC046_P05_A6,1
1098,CC046_P05_A7,2
1099,CC046_P05_A8,2
1100,CC046_P05_A9,2
1101,CC047_P01_A1,2
1102,CC047_P01_A10,1
1103,CC047_P01_A2,2
1104,CC047_P01_A3,2
1105,CC047_P01_A4,1
1106,CC047_P01_A5,2
1107,CC047_P01_A6,2
1108,CC047_P01_A7,2
1109,CC047_P01_A8,2
1110,CC047_P01_A9,2
1111,CC047_P02_A1,2
1112,CC047_P02_A10,2
1113,CC047_P02_A2,2
1114,CC047_P02_A3,2
1115,CC047_P02_A4,2
1116,CC047_P02_A5,2
1117,CC047_P02_A6,2
1118,CC047_P02_A7,2
1119,CC047_P02_A8,2
1120,CC047_P02_A9,2
1121,CC047_P03_A1,2
1122,CC047_P03_A10,2
1123,CC047_P03_A2,2
1124,CC047_P03_A3,2
1125,CC047_P03_A4,2
1126,CC047_P03_A5,2
1127,CC047_P03_A6,2
1128,CC047_P03_A7,2
1129,CC047_P03_A8,2
1130,CC047_P03_A9,2
1131,CC047_P04_A1,2
1132,CC047_P04_A10,1
1133,CC047_P04_A2,2
1134,CC047_P04_A3,1
1135,CC047_P04_A4,2
1136,CC047_P04_A5,2
1137,CC047_P04_A6,1
1138,CC047_P04_A7,1
1139,CC047_P04_A8,2
1140,CC047_P04_A9,2
1141,CC047_P05_A1,2
1142,CC047_P05_A10,1
1143,CC047_P05_A2,2
1144,CC047_P05_A3,1
1145,CC047_P05_A4,1
1146,CC047_P05_A5,2
1147,CC047_P05_A6,1
1148,CC047_P05_A7,1
1149,CC047_P05_A8,2
1150,CC047_P05_A9,2
